vendacodigo,vendadata,clientecodigo,vendavalor
1,09/04/2018,15,2561.03
2,19/04/2018,77,9356.21
3,25/04/2018,86,7025.0
4,14/04/2018,82,7416.92
5,03/04/2018,97,1634.7
6,06/04/2018,68,2439.0
7,15/04/2018,80,6568.02
8,12/04/2018,49,7749.51
9,27/04/2018,29,2216.68
10,12/04/2018,90,4057.72
11,12/04/2018,15,9900.94
12,06/04/2018,67,3226.1
13,29/04/2018,19,7214.58
14,26/04/2018,66,7587.6
15,26/04/2018,93,5777.22
16,10/04/2018,93,202.44
17,04/04/2018,21,1873.37
18,16/04/2018,71,4395.97
19,16/04/2018,80,3118.56
20,14/04/2018,56,9655.34
21,29/04/2018,92,5953.43
22,10/04/2018,58,9680.01
23,04/04/2018,98,5357.68
24,24/04/2018,54,2074.42
25,22/04/2018,27,8186.63
26,12/04/2018,4,7987.38
27,24/04/2018,59,4119.03
28,22/04/2018,56,7061.91
29,16/04/2018,29,7784.35
30,26/04/2018,18,7340.73
31,19/04/2018,76,6143.91
32,05/04/2018,27,2694.06
33,21/04/2018,83,4894.27
34,25/04/2018,24,591.17
35,02/04/2018,28,4227.35
36,03/04/2018,80,7367.26
37,11/04/2018,83,1434.24
38,01/04/2018,77,7580.4
39,18/04/2018,30,6979.02
40,13/04/2018,24,7633.0
41,08/04/2018,85,4278.61
42,18/04/2018,45,8411.68
43,21/04/2018,39,6092.26
44,29/04/2018,90,923.33
45,07/04/2018,61,4669.03
46,20/04/2018,82,4991.04
47,20/04/2018,94,6701.75
48,29/04/2018,86,8301.68
49,27/04/2018,46,4775.23
50,10/04/2018,51,7271.3
51,27/04/2018,6,5326.01
52,11/04/2018,71,3869.76
53,13/04/2018,74,5632.9
54,08/04/2018,56,300.57
55,25/04/2018,94,8416.88
56,13/04/2018,30,538.06
57,22/04/2018,47,6423.23
58,23/04/2018,39,8674.0
59,17/04/2018,81,8368.86
60,01/04/2018,73,8449.53
61,27/04/2018,9,4876.05
62,18/04/2018,49,919.45
63,28/04/2018,58,1171.57
64,28/04/2018,12,5778.87
65,14/04/2018,2,6817.02
66,04/04/2018,45,4683.38
67,25/04/2018,89,1228.43
68,27/04/2018,20,1048.45
69,07/04/2018,70,9390.14
70,02/04/2018,55,3278.83
71,14/04/2018,56,5757.48
72,01/04/2018,94,7892.08
73,25/04/2018,65,7662.94
74,02/04/2018,84,6107.1
75,11/04/2018,93,8197.83
76,02/04/2018,30,5133.91
77,27/04/2018,34,4473.67
78,25/04/2018,5,812.54
79,13/04/2018,20,8901.24
80,05/04/2018,64,5502.45
81,07/04/2018,52,625.06
82,08/04/2018,69,2446.35
83,22/04/2018,37,3122.18
84,23/04/2018,26,9105.98
85,05/04/2018,82,9776.41
86,15/04/2018,78,6575.53
87,13/04/2018,21,3234.74
88,21/04/2018,59,6318.89
89,05/04/2018,78,8112.04
90,25/04/2018,75,9913.13
91,07/04/2018,82,5304.46
92,02/04/2018,53,9881.53
93,05/04/2018,86,7618.7
94,07/04/2018,2,5028.45
95,08/04/2018,6,603.15
96,25/04/2018,94,1998.03
97,06/04/2018,53,8047.33
98,28/04/2018,31,6305.04
99,23/04/2018,44,3944.4
100,27/04/2018,39,1739.38
101,26/04/2018,64,1704.52
102,08/04/2018,79,6404.83
103,01/04/2018,38,8838.24
104,18/04/2018,4,5718.55
105,21/04/2018,71,7433.91
106,22/04/2018,96,1327.78
107,21/04/2018,25,4887.69
108,05/04/2018,71,2166.44
109,27/04/2018,45,4609.75
110,24/04/2018,81,7297.22
111,06/04/2018,13,7255.62
112,02/04/2018,91,5080.94
113,07/04/2018,48,377.11
114,18/04/2018,58,1866.3
115,23/04/2018,71,4464.93
116,15/04/2018,79,2144.67
117,10/04/2018,22,
118,13/04/2018,34,9558.44
119,09/04/2018,89,2395.92
120,14/04/2018,26,2284.23
121,13/04/2018,79,3736.65
122,13/04/2018,21,9533.37
123,29/04/2018,13,986.74
124,01/04/2018,97,6225.31
125,29/04/2018,34,
126,20/04/2018,63,8890.64
127,10/04/2018,100,4018.57
128,21/04/2018,49,2264.03
129,10/04/2018,6,4958.63
130,09/04/2018,44,4053.46
131,16/04/2018,20,5966.53
132,06/04/2018,11,850.49
133,27/04/2018,46,9836.45
134,28/04/2018,50,9392.8
135,12/04/2018,10,7039.59
136,02/04/2018,68,5387.41
137,09/04/2018,20,6758.34
138,21/04/2018,60,4994.66
139,06/04/2018,1,9222.68
140,22/04/2018,15,350.08
141,20/04/2018,81,2044.6
142,27/04/2018,36,2644.34
143,24/04/2018,69,9469.2
144,23/04/2018,13,3232.3
145,10/04/2018,94,5829.78
146,11/04/2018,31,8593.34
147,25/04/2018,53,8596.92
148,27/04/2018,95,7258.63
149,04/04/2018,78,3046.1
150,22/04/2018,34,8004.42
151,01/04/2018,42,1960.18
152,04/04/2018,62,1726.12
153,21/04/2018,22,8872.88
154,22/04/2018,75,994.21
155,02/04/2018,1,8653.24
156,08/04/2018,23,1304.51
157,28/04/2018,23,9192.01
158,17/04/2018,1,5046.61
159,02/04/2018,60,
160,20/04/2018,84,886.76
161,22/04/2018,92,3182.66
162,27/04/2018,63,8210.78
163,09/04/2018,90,140.37
164,27/04/2018,94,256.04
165,15/04/2018,62,808.06
166,02/04/2018,63,2563.06
167,08/04/2018,47,8489.45
168,23/04/2018,22,5387.77
169,09/04/2018,41,8574.34
170,10/04/2018,85,4285.39
171,12/04/2018,47,2627.98
172,13/04/2018,88,449.82
173,18/04/2018,24,2576.5
174,17/04/2018,65,6221.29
175,04/04/2018,5,7301.14
176,04/04/2018,63,8755.95
177,29/04/2018,17,
178,05/04/2018,97,1811.17
179,01/04/2018,56,4958.49
180,25/04/2018,70,926.6
181,18/04/2018,55,807.91
182,11/04/2018,49,2971.59
183,26/04/2018,69,4391.6
184,01/04/2018,83,8808.85
185,03/04/2018,68,3990.93
186,09/04/2018,47,6600.73
187,05/04/2018,56,9148.1
188,26/04/2018,85,2829.44
189,22/04/2018,9,7548.62
190,17/04/2018,25,8759.51
191,06/04/2018,31,307.08
192,29/04/2018,63,6881.04
193,04/04/2018,83,424.39
194,04/04/2018,23,8413.51
195,20/04/2018,13,2111.48
196,05/04/2018,48,7152.44
197,29/04/2018,65,7375.35
198,26/04/2018,30,152.1
199,04/04/2018,41,9264.31
200,08/04/2018,20,3582.26
201,29/04/2018,83,1696.12
202,27/04/2018,65,1996.33
203,18/04/2018,85,693.74
204,14/04/2018,19,9395.0
205,29/04/2018,52,1888.14
206,11/04/2018,66,2884.4
207,28/04/2018,57,4840.96
208,01/04/2018,52,4215.47
209,24/04/2018,42,1607.14
210,13/04/2018,1,7039.27
211,13/04/2018,58,3817.61
212,22/04/2018,39,6472.78
213,18/04/2018,100,6830.14
214,20/04/2018,12,7499.33
215,19/04/2018,19,2484.09
216,04/04/2018,78,741.35
217,24/04/2018,40,6116.06
218,27/04/2018,93,
219,03/04/2018,46,4573.17
220,26/04/2018,84,
221,14/04/2018,75,958.3
222,28/04/2018,53,2028.63
223,10/04/2018,20,1937.94
224,20/04/2018,43,4335.64
225,04/04/2018,46,4644.12
226,18/04/2018,52,
227,18/04/2018,46,6914.84
228,08/04/2018,99,
229,06/04/2018,54,5011.05
230,16/04/2018,49,8115.08
231,07/04/2018,34,1602.82
232,23/04/2018,90,5651.48
233,29/04/2018,7,2880.77
234,04/04/2018,84,3496.04
235,26/04/2018,63,3407.23
236,19/04/2018,85,8404.42
237,23/04/2018,50,3574.27
238,02/04/2018,80,9311.39
239,17/04/2018,3,4639.2
240,14/04/2018,26,7331.01
241,18/04/2018,19,8127.35
242,11/04/2018,43,598.58
243,27/04/2018,47,4039.13
244,23/04/2018,42,3667.52
245,27/04/2018,19,9731.12
246,13/04/2018,10,4531.1
247,22/04/2018,97,6814.8
248,12/04/2018,94,4417.85
249,22/04/2018,69,5239.73
250,20/04/2018,70,7696.74
251,21/04/2018,93,7428.05
252,20/04/2018,86,7170.12
253,10/04/2018,23,9830.85
254,17/04/2018,89,613.52
255,03/04/2018,94,1506.29
256,26/04/2018,47,2877.72
257,16/04/2018,99,1697.27
258,01/04/2018,17,8151.57
259,18/04/2018,37,2470.63
260,21/04/2018,45,9184.98
261,10/04/2018,89,4720.64
262,09/04/2018,65,9008.88
263,11/04/2018,6,3552.3
264,11/04/2018,85,8409.13
265,07/04/2018,59,8187.53
266,10/04/2018,40,4182.52
267,03/04/2018,54,2993.02
268,05/04/2018,78,9715.84
269,15/04/2018,61,8241.48
270,16/04/2018,69,9670.57
271,04/04/2018,10,2570.46
272,13/04/2018,49,4293.6
273,01/04/2018,62,9546.34
274,02/04/2018,51,9892.29
275,08/04/2018,72,7601.01
276,01/04/2018,69,8538.22
277,19/04/2018,11,707.23
278,28/04/2018,45,3731.65
279,11/04/2018,54,4748.27
280,13/04/2018,100,5378.67
281,09/04/2018,37,9710.22
282,11/04/2018,52,9924.04
283,28/04/2018,29,1391.17
284,26/04/2018,14,6995.01
285,29/04/2018,25,5640.82
286,26/04/2018,95,5670.42
287,29/04/2018,48,8955.8
288,09/04/2018,83,3729.42
289,15/04/2018,26,4721.04
290,04/04/2018,28,2142.11
291,09/04/2018,79,3732.9
292,09/04/2018,64,382.84
293,16/04/2018,45,5515.23
294,24/04/2018,8,6219.96
295,13/04/2018,12,
296,04/04/2018,8,1608.16
297,04/04/2018,82,5092.65
298,16/04/2018,61,1713.78
299,08/04/2018,35,3353.46
300,01/04/2018,91,9173.75
301,23/04/2018,60,6605.56
302,23/04/2018,52,5917.68
303,29/04/2018,57,6780.95
304,22/04/2018,39,3679.18
305,14/04/2018,12,1130.0
306,17/04/2018,98,5219.13
307,02/04/2018,30,4861.95
308,10/04/2018,81,396.9
309,11/04/2018,5,8616.2
310,10/04/2018,24,131.82
311,21/04/2018,5,6650.17
312,03/04/2018,97,9705.67
313,16/04/2018,5,934.09
314,08/04/2018,93,7726.97
315,18/04/2018,5,2076.59
316,14/04/2018,56,2040.72
317,21/04/2018,91,796.84
318,08/04/2018,71,4656.87
319,14/04/2018,20,4428.19
320,27/04/2018,99,3016.89
321,20/04/2018,73,9084.86
322,15/04/2018,18,3502.15
323,09/04/2018,50,
324,20/04/2018,24,9065.54
325,12/04/2018,89,6847.24
326,05/04/2018,65,688.83
327,22/04/2018,18,6103.59
328,02/04/2018,34,2404.68
329,14/04/2018,86,537.62
330,13/04/2018,66,9528.39
331,23/04/2018,85,6558.77
332,23/04/2018,37,6976.95
333,13/04/2018,31,4072.28
334,13/04/2018,13,1970.01
335,06/04/2018,6,3971.45
336,09/04/2018,59,3203.12
337,23/04/2018,42,6183.59
338,09/04/2018,80,527.74
339,21/04/2018,55,3159.46
340,05/04/2018,83,5782.86
341,29/04/2018,39,5227.25
342,28/04/2018,80,9463.72
343,05/04/2018,29,7491.68
344,23/04/2018,18,3734.61
345,11/04/2018,49,775.63
346,27/04/2018,11,7652.24
347,22/04/2018,18,9571.56
348,24/04/2018,24,5972.99
349,16/04/2018,27,2189.95
350,08/04/2018,54,7673.28
351,26/04/2018,5,8000.57
352,19/04/2018,27,7948.43
353,13/04/2018,33,1653.95
354,14/04/2018,31,4445.54
355,23/04/2018,27,4747.17
356,13/04/2018,3,6447.21
357,08/04/2018,40,5132.06
358,17/04/2018,43,3556.22
359,15/04/2018,50,5338.86
360,04/04/2018,71,8833.22
361,05/04/2018,30,9711.89
362,19/04/2018,86,4813.6
363,04/04/2018,6,5736.66
364,20/04/2018,72,9837.77
365,14/04/2018,4,8087.7
366,23/04/2018,96,7771.69
367,26/04/2018,13,7238.02
368,11/04/2018,7,9266.82
369,08/04/2018,23,2474.96
370,18/04/2018,93,8362.07
371,17/04/2018,89,7386.92
372,02/04/2018,73,5343.55
373,09/04/2018,80,5527.97
374,28/04/2018,72,2389.05
375,26/04/2018,95,125.2
376,06/04/2018,82,5019.15
377,08/04/2018,69,8600.78
378,29/04/2018,99,3769.04
379,25/04/2018,37,9496.69
380,25/04/2018,13,8354.71
381,11/04/2018,25,6836.75
382,18/04/2018,95,113.77
383,24/04/2018,72,9860.56
384,02/04/2018,19,2529.75
385,21/04/2018,11,4794.37
386,07/04/2018,33,1109.52
387,04/04/2018,4,6546.6
388,05/04/2018,12,3094.8
389,04/04/2018,85,2772.77
390,18/04/2018,73,2396.15
391,28/04/2018,77,3822.09
392,06/04/2018,88,3122.72
393,17/04/2018,39,5231.55
394,26/04/2018,75,5044.59
395,01/04/2018,31,8217.5
396,05/04/2018,11,870.65
397,14/04/2018,45,9829.53
398,01/04/2018,6,9970.1
399,29/04/2018,29,3818.18
400,17/04/2018,82,1613.52
401,27/04/2018,75,9557.0
402,19/04/2018,100,8135.86
403,21/04/2018,63,9844.46
404,03/04/2018,21,5001.52
405,26/04/2018,68,7741.24
406,09/04/2018,88,5123.84
407,08/04/2018,37,9440.48
408,25/04/2018,54,4485.86
409,19/04/2018,59,9335.49
410,28/04/2018,6,794.82
411,22/04/2018,15,2180.92
412,19/04/2018,27,1035.22
413,07/04/2018,99,5677.62
414,14/04/2018,48,152.1
415,05/04/2018,9,163.1
416,18/04/2018,95,3712.05
417,27/04/2018,82,3782.22
418,01/04/2018,27,4826.87
419,01/04/2018,39,6713.57
420,09/04/2018,13,5872.35
421,09/04/2018,3,9689.2
422,13/04/2018,62,5319.77
423,06/04/2018,21,7363.81
424,24/04/2018,6,4391.71
425,25/04/2018,3,1666.65
426,01/04/2018,51,6918.73
427,04/04/2018,52,7636.06
428,27/04/2018,72,6859.12
429,17/04/2018,79,2977.27
430,18/04/2018,100,5920.7
431,06/04/2018,38,4386.07
432,18/04/2018,82,4144.35
433,04/04/2018,40,2593.68
434,11/04/2018,77,951.32
435,11/04/2018,2,9970.45
436,05/04/2018,93,7286.26
437,14/04/2018,70,3766.03
438,06/04/2018,63,2515.4
439,15/04/2018,76,4925.91
440,25/04/2018,33,7981.07
441,28/04/2018,81,2879.77
442,08/04/2018,60,1844.56
443,01/04/2018,57,2092.25
444,16/04/2018,8,3791.01
445,02/04/2018,4,8173.99
446,06/04/2018,81,852.58
447,01/04/2018,86,2560.46
448,11/04/2018,44,5539.97
449,01/04/2018,55,8332.31
450,05/04/2018,7,1041.42
451,17/04/2018,72,738.75
452,29/04/2018,31,9734.68
453,12/04/2018,1,4965.06
454,22/04/2018,61,319.15
455,23/04/2018,63,6227.38
456,14/04/2018,94,4225.7
457,02/04/2018,53,519.83
458,03/04/2018,74,4347.2
459,03/04/2018,20,5937.29
460,08/04/2018,25,5964.74
461,09/04/2018,56,1770.27
462,01/04/2018,34,9018.15
463,26/04/2018,33,3926.23
464,18/04/2018,35,5372.9
465,09/04/2018,70,5110.77
466,02/04/2018,55,4861.28
467,04/04/2018,39,3759.52
468,21/04/2018,9,9124.4
469,01/04/2018,44,9974.14
470,18/04/2018,69,3744.96
471,10/04/2018,88,7442.99
472,11/04/2018,63,2568.97
473,09/04/2018,56,5510.37
474,09/04/2018,41,2997.61
475,04/04/2018,76,6940.81
476,17/04/2018,61,5931.08
477,27/04/2018,50,2409.74
478,12/04/2018,2,4812.75
479,26/04/2018,22,2102.94
480,13/04/2018,92,6458.06
481,09/04/2018,34,655.18
482,09/04/2018,59,5875.65
483,03/04/2018,23,8902.7
484,29/04/2018,46,5652.85
485,03/04/2018,40,5943.19
486,11/04/2018,13,9849.25
487,03/04/2018,3,6945.45
488,02/04/2018,93,9094.63
489,14/04/2018,43,6280.68
490,19/04/2018,97,3084.05
491,09/04/2018,1,2780.9
492,08/04/2018,68,3021.49
493,04/04/2018,86,9971.3
494,18/04/2018,9,1920.6
495,06/04/2018,67,8247.37
496,05/04/2018,84,5474.97
497,14/04/2018,90,9490.58
498,19/04/2018,44,7973.34
499,18/04/2018,46,1652.02
500,28/04/2018,58,5445.98
501,08/04/2018,61,2238.36
502,02/04/2018,25,7470.81
503,12/04/2018,86,524.91
504,22/04/2018,32,5540.8
505,13/04/2018,38,419.3
506,13/04/2018,26,8141.16
507,22/04/2018,99,2043.18
508,27/04/2018,43,4801.05
509,03/04/2018,14,1272.52
510,19/04/2018,87,2017.52
511,23/04/2018,55,3732.36
512,11/04/2018,46,7741.43
513,15/04/2018,16,8691.33
514,13/04/2018,5,3138.46
515,08/04/2018,75,6624.98
516,18/04/2018,5,274.28
517,27/04/2018,42,8447.13
518,03/04/2018,9,3341.56
519,25/04/2018,100,3575.89
520,08/04/2018,63,547.88
521,23/04/2018,27,2052.34
522,01/04/2018,19,1246.8
523,13/04/2018,99,8880.67
524,14/04/2018,33,5744.97
525,08/04/2018,21,7153.01
526,22/04/2018,1,5705.2
527,28/04/2018,62,2390.21
528,22/04/2018,48,2472.87
529,23/04/2018,51,2420.76
530,17/04/2018,44,9467.08
531,28/04/2018,17,9340.88
532,20/04/2018,25,4400.6
533,29/04/2018,89,6570.34
534,12/04/2018,55,226.26
535,15/04/2018,34,753.73
536,05/04/2018,20,9972.91
537,12/04/2018,27,9193.42
538,13/04/2018,88,6400.0
539,06/04/2018,47,8961.38
540,01/04/2018,46,8559.14
541,28/04/2018,90,9787.66
542,18/04/2018,33,3527.14
543,26/04/2018,3,2700.97
544,17/04/2018,3,8123.93
545,15/04/2018,45,2781.26
546,16/04/2018,62,3926.29
547,19/04/2018,26,8197.96
548,27/04/2018,40,7283.23
549,06/04/2018,9,2093.64
550,20/04/2018,48,6007.39
551,28/04/2018,46,6788.98
552,13/04/2018,78,8413.6
553,01/04/2018,94,6966.5
554,23/04/2018,79,5285.8
555,28/04/2018,34,6493.44
556,18/04/2018,5,500.89
557,01/04/2018,65,9157.97
558,11/04/2018,32,
559,03/04/2018,27,7689.72
560,14/04/2018,71,7694.23
561,08/04/2018,16,6357.91
562,18/04/2018,97,1116.7
563,01/04/2018,21,3548.49
564,21/04/2018,74,4645.06
565,16/04/2018,49,6971.57
566,06/04/2018,69,9042.83
567,05/04/2018,51,6716.59
568,15/04/2018,29,7888.05
569,16/04/2018,73,4544.39
570,15/04/2018,28,9225.37
571,08/04/2018,95,270.37
572,26/04/2018,88,2186.49
573,14/04/2018,51,4625.09
574,27/04/2018,92,9295.46
575,25/04/2018,34,3645.68
576,07/04/2018,9,2323.58
577,26/04/2018,85,1334.66
578,19/04/2018,48,1073.97
579,20/04/2018,2,6252.14
580,08/04/2018,81,2252.56
581,03/04/2018,20,4230.83
582,05/04/2018,31,1979.96
583,22/04/2018,35,2323.36
584,13/04/2018,62,1184.68
585,08/04/2018,73,5212.38
586,24/04/2018,64,2634.73
587,03/04/2018,88,6822.55
588,14/04/2018,38,1367.65
589,04/04/2018,53,9205.32
590,13/04/2018,1,6176.22
591,14/04/2018,97,2349.39
592,22/04/2018,39,1053.5
593,25/04/2018,11,259.99
594,10/04/2018,72,8497.57
595,07/04/2018,98,8526.42
596,26/04/2018,13,6309.49
597,11/04/2018,45,5847.9
598,27/04/2018,38,7201.0
599,01/04/2018,63,942.96
600,10/04/2018,33,2904.59
601,16/04/2018,69,6473.98
602,26/04/2018,38,3587.88
603,04/04/2018,66,419.53
604,01/04/2018,82,6092.78
605,21/04/2018,84,345.53
606,27/04/2018,15,6288.55
607,09/04/2018,66,4236.91
608,20/04/2018,98,3806.2
609,06/04/2018,85,3022.89
610,16/04/2018,79,8323.57
611,23/04/2018,8,7507.44
612,21/04/2018,75,8436.87
613,21/04/2018,92,1304.55
614,08/04/2018,47,625.3
615,07/04/2018,9,5968.45
616,01/04/2018,42,4929.47
617,18/04/2018,68,7979.44
618,15/04/2018,60,1839.6
619,01/04/2018,26,5893.26
620,08/04/2018,81,836.68
621,26/04/2018,73,5378.65
622,04/04/2018,88,7246.09
623,20/04/2018,70,9595.43
624,23/04/2018,25,4053.07
625,06/04/2018,97,8734.22
626,14/04/2018,24,3220.09
627,19/04/2018,4,7944.4
628,17/04/2018,67,5095.21
629,24/04/2018,75,6547.49
630,07/04/2018,54,4438.11
631,18/04/2018,81,768.84
632,28/04/2018,79,5393.8
633,06/04/2018,56,7762.78
634,14/04/2018,28,1938.91
635,10/04/2018,35,2482.52
636,01/04/2018,91,3066.79
637,11/04/2018,6,5240.79
638,24/04/2018,68,7284.09
639,09/04/2018,74,7024.75
640,09/04/2018,77,8742.77
641,10/04/2018,6,5184.81
642,29/04/2018,66,6287.07
643,07/04/2018,25,9997.88
644,05/04/2018,55,6883.32
645,20/04/2018,69,9832.72
646,04/04/2018,16,1720.07
647,18/04/2018,14,4667.13
648,11/04/2018,46,5761.2
649,04/04/2018,36,5043.16
650,11/04/2018,16,4194.73
651,13/04/2018,30,1477.7
652,20/04/2018,56,5497.24
653,18/04/2018,10,3072.32
654,06/04/2018,56,7273.48
655,03/04/2018,96,9096.29
656,22/04/2018,78,1787.57
657,17/04/2018,85,2510.99
658,19/04/2018,8,4942.47
659,17/04/2018,56,7736.69
660,26/04/2018,35,8470.71
661,22/04/2018,49,7829.63
662,16/04/2018,48,5333.08
663,19/04/2018,57,2942.42
664,15/04/2018,39,5487.04
665,12/04/2018,87,5983.42
666,13/04/2018,51,9587.02
667,25/04/2018,86,8709.41
668,06/04/2018,2,6164.48
669,19/04/2018,43,7057.14
670,28/04/2018,75,4751.42
671,23/04/2018,22,314.13
672,14/04/2018,59,8984.84
673,02/04/2018,93,6142.49
674,11/04/2018,53,1562.49
675,04/04/2018,88,257.41
676,24/04/2018,34,2518.55
677,12/04/2018,91,9419.91
678,01/04/2018,69,8376.27
679,09/04/2018,49,3260.89
680,27/04/2018,36,8891.41
681,15/04/2018,45,
682,27/04/2018,95,7336.79
683,27/04/2018,98,3994.05
684,19/04/2018,54,2231.68
685,17/04/2018,99,8083.49
686,16/04/2018,19,2409.82
687,04/04/2018,78,5310.57
688,29/04/2018,63,6497.36
689,20/04/2018,11,7610.8
690,24/04/2018,11,2613.82
691,15/04/2018,18,5642.93
692,15/04/2018,26,5872.1
693,27/04/2018,69,7790.09
694,12/04/2018,44,2656.0
695,01/04/2018,7,543.65
696,26/04/2018,48,4090.7
697,01/04/2018,86,1087.5
698,20/04/2018,5,7007.83
699,05/04/2018,21,1740.23
700,26/04/2018,52,5626.51
701,25/04/2018,80,5641.95
702,23/04/2018,66,548.0
703,12/04/2018,61,2426.08
704,04/04/2018,40,9118.85
705,25/04/2018,19,4381.86
706,12/04/2018,42,4823.7
707,28/04/2018,58,7790.78
708,08/04/2018,25,7783.1
709,28/04/2018,81,8137.79
710,10/04/2018,70,1937.59
711,16/04/2018,91,7213.22
712,25/04/2018,43,2634.14
713,09/04/2018,53,7972.05
714,07/04/2018,7,5765.3
715,29/04/2018,56,9911.78
716,01/04/2018,6,4272.73
717,16/04/2018,92,455.5
718,17/04/2018,85,7399.93
719,09/04/2018,23,3668.02
720,05/04/2018,64,9123.31
721,20/04/2018,16,7483.39
722,09/04/2018,63,1591.01
723,24/04/2018,49,1464.28
724,09/04/2018,65,1609.0
725,29/04/2018,98,1512.11
726,28/04/2018,72,145.72
727,20/04/2018,46,4822.72
728,23/04/2018,21,4917.14
729,26/04/2018,50,2883.65
730,17/04/2018,86,5999.12
731,02/04/2018,12,1757.34
732,24/04/2018,92,3840.59
733,15/04/2018,88,4788.56
734,25/04/2018,68,5828.47
735,22/04/2018,78,6170.55
736,07/04/2018,29,7401.36
737,01/04/2018,16,788.13
738,05/04/2018,46,2253.19
739,16/04/2018,26,277.56
740,27/04/2018,57,4836.41
741,09/04/2018,80,7249.5
742,05/04/2018,7,8583.78
743,06/04/2018,55,7226.84
744,18/04/2018,26,5375.93
745,09/04/2018,47,6253.06
746,20/04/2018,26,234.69
747,11/04/2018,74,1883.63
748,08/04/2018,21,554.4
749,02/04/2018,54,5050.37
750,02/04/2018,14,6293.05
751,07/04/2018,70,5893.51
752,08/04/2018,55,8479.86
753,15/04/2018,28,2510.96
754,16/04/2018,91,3331.76
755,11/04/2018,64,8986.9
756,20/04/2018,99,8095.31
757,05/04/2018,4,1268.19
758,09/04/2018,49,4443.3
759,22/04/2018,6,4038.42
760,19/04/2018,84,6171.78
761,02/04/2018,19,6051.0
762,06/04/2018,49,4564.39
763,08/04/2018,43,3004.7
764,28/04/2018,49,6267.37
765,21/04/2018,91,
766,10/04/2018,70,6469.36
767,24/04/2018,94,3875.39
768,14/04/2018,90,3119.35
769,25/04/2018,61,2037.99
770,17/04/2018,98,9068.11
771,01/04/2018,9,2643.28
772,22/04/2018,53,3950.45
773,27/04/2018,88,2805.64
774,25/04/2018,81,1262.21
775,04/04/2018,57,2199.93
776,23/04/2018,55,9582.08
777,16/04/2018,81,7069.31
778,06/04/2018,95,8723.99
779,14/04/2018,85,6238.2
780,01/04/2018,35,7374.81
781,13/04/2018,14,5659.83
782,15/04/2018,54,4827.11
783,08/04/2018,35,9152.23
784,05/04/2018,11,5032.23
785,17/04/2018,30,3439.86
786,19/04/2018,56,
787,08/04/2018,54,2260.76
788,11/04/2018,75,968.95
789,24/04/2018,28,5612.22
790,26/04/2018,9,1064.59
791,28/04/2018,42,8532.55
792,01/04/2018,49,8225.77
793,19/04/2018,16,2451.65
794,28/04/2018,71,5142.35
795,13/04/2018,2,5995.08
796,14/04/2018,80,9008.42
797,07/04/2018,82,4671.85
798,15/04/2018,96,538.47
799,13/04/2018,75,587.75
800,04/04/2018,33,6419.74
801,01/04/2018,41,1121.76
802,25/04/2018,23,2638.97
803,07/04/2018,1,8852.61
804,04/04/2018,12,4080.79
805,04/04/2018,18,8701.42
806,22/04/2018,78,2316.66
807,17/04/2018,98,7644.33
808,13/04/2018,36,
809,03/04/2018,51,2700.83
810,29/04/2018,82,7499.49
811,24/04/2018,73,5205.4
812,18/04/2018,98,2939.05
813,09/04/2018,16,2831.89
814,14/04/2018,14,5115.43
815,04/04/2018,52,3268.5
816,09/04/2018,35,8343.22
817,04/04/2018,10,9280.04
818,25/04/2018,17,4478.97
819,05/04/2018,4,6622.13
820,22/04/2018,91,5785.56
821,26/04/2018,44,4064.45
822,12/04/2018,40,891.64
823,05/04/2018,99,9834.61
824,18/04/2018,86,8026.96
825,27/04/2018,24,5979.79
826,15/04/2018,70,5469.1
827,24/04/2018,91,3975.93
828,08/04/2018,37,5133.74
829,13/04/2018,15,4868.51
830,17/04/2018,63,3136.29
831,25/04/2018,12,5681.28
832,23/04/2018,25,3947.86
833,21/04/2018,61,7480.72
834,29/04/2018,4,2311.56
835,24/04/2018,32,6366.78
836,03/04/2018,37,1214.3
837,10/04/2018,18,2792.55
838,10/04/2018,70,6623.68
839,28/04/2018,35,1812.03
840,11/04/2018,58,8386.26
841,24/04/2018,22,787.69
842,17/04/2018,55,8216.66
843,08/04/2018,96,4135.8
844,01/04/2018,93,2044.63
845,17/04/2018,68,489.85
846,24/04/2018,73,8205.55
847,28/04/2018,1,7650.13
848,04/04/2018,87,8256.63
849,14/04/2018,70,2621.69
850,16/04/2018,50,7542.63
851,14/04/2018,97,
852,01/04/2018,35,2038.6
853,19/04/2018,54,2315.41
854,16/04/2018,47,5792.58
855,05/04/2018,77,6121.76
856,14/04/2018,14,7257.33
857,28/04/2018,96,9185.54
858,16/04/2018,18,6978.51
859,17/04/2018,64,534.62
860,24/04/2018,8,4340.37
861,05/04/2018,38,9243.75
862,06/04/2018,18,2525.88
863,13/04/2018,91,6646.56
864,25/04/2018,89,4157.61
865,29/04/2018,46,9295.44
866,02/04/2018,36,4809.06
867,22/04/2018,66,9436.26
868,14/04/2018,12,6985.49
869,06/04/2018,25,7113.85
870,21/04/2018,47,4488.7
871,11/04/2018,77,8030.49
872,20/04/2018,99,4748.79
873,12/04/2018,10,6570.09
874,23/04/2018,32,
875,19/04/2018,26,9572.2
876,20/04/2018,17,
877,06/04/2018,62,3085.19
878,24/04/2018,73,9027.17
879,15/04/2018,28,9991.8
880,05/04/2018,95,2515.79
881,05/04/2018,74,4826.33
882,16/04/2018,66,7786.62
883,12/04/2018,15,6444.54
884,03/04/2018,71,5968.71
885,19/04/2018,42,6654.96
886,13/04/2018,5,8361.76
887,28/04/2018,58,7344.12
888,12/04/2018,5,8405.88
889,02/04/2018,80,5370.99
890,28/04/2018,28,4503.45
891,26/04/2018,60,7304.45
892,09/04/2018,13,3557.13
893,03/04/2018,74,8446.13
894,27/04/2018,73,4758.41
895,17/04/2018,81,5594.57
896,20/04/2018,29,9643.58
897,11/04/2018,99,4128.74
898,01/04/2018,19,9515.58
899,10/04/2018,59,1722.62
900,18/04/2018,37,4857.2
901,02/04/2018,89,1814.9
902,10/04/2018,15,3077.53
903,03/04/2018,13,8789.73
904,12/04/2018,97,5345.8
905,11/04/2018,34,9664.27
906,27/04/2018,16,2931.51
907,20/04/2018,34,
908,01/04/2018,66,3889.75
909,27/04/2018,26,8823.93
910,26/04/2018,93,7437.57
911,01/04/2018,93,5460.57
912,05/04/2018,40,3932.41
913,28/04/2018,13,6977.02
914,25/04/2018,31,6935.12
915,01/04/2018,24,2267.62
916,02/04/2018,65,1679.94
917,10/04/2018,38,7150.86
918,12/04/2018,61,1531.38
919,24/04/2018,16,2383.46
920,04/04/2018,57,9113.94
921,07/04/2018,12,6032.52
922,05/04/2018,87,6107.33
923,17/04/2018,12,3629.43
924,14/04/2018,19,6875.47
925,27/04/2018,29,6577.64
926,29/04/2018,13,7096.79
927,17/04/2018,94,5284.69
928,03/04/2018,27,9725.8
929,16/04/2018,14,6000.83
930,15/04/2018,96,5843.6
931,01/04/2018,15,1689.66
932,04/04/2018,64,4800.34
933,29/04/2018,32,2949.07
934,12/04/2018,48,429.19
935,23/04/2018,34,3081.05
936,02/04/2018,6,8484.82
937,11/04/2018,8,9970.8
938,27/04/2018,100,5184.05
939,19/04/2018,8,7797.68
940,05/04/2018,62,145.85
941,12/04/2018,14,4691.2
942,06/04/2018,100,6272.36
943,08/04/2018,70,3807.92
944,21/04/2018,50,2663.07
945,24/04/2018,95,9666.6
946,15/04/2018,4,9510.6
947,02/04/2018,96,6284.09
948,01/04/2018,26,6307.88
949,24/04/2018,13,4453.24
950,29/04/2018,97,3916.6
951,26/04/2018,11,7084.29
952,12/04/2018,70,4376.18
953,19/04/2018,55,7938.36
954,08/04/2018,56,1749.23
955,22/04/2018,46,4661.76
956,09/04/2018,46,6226.87
957,03/04/2018,10,5705.19
958,23/04/2018,63,2049.04
959,13/04/2018,89,2651.65
960,24/04/2018,79,9961.41
961,03/04/2018,61,771.49
962,19/04/2018,14,1936.02
963,17/04/2018,60,4633.34
964,25/04/2018,20,5628.6
965,13/04/2018,35,1595.19
966,01/04/2018,98,686.23
967,23/04/2018,38,738.35
968,27/04/2018,26,9929.23
969,07/04/2018,100,8448.79
970,20/04/2018,82,607.33
971,25/04/2018,72,3925.02
972,18/04/2018,46,6961.73
973,23/04/2018,27,8756.29
974,16/04/2018,69,4738.47
975,28/04/2018,51,7073.55
976,25/04/2018,73,203.36
977,11/04/2018,12,2941.44
978,25/04/2018,1,308.38
979,22/04/2018,93,1118.07
980,17/04/2018,46,3608.66
981,02/04/2018,57,9250.24
982,24/04/2018,11,3640.08
983,13/04/2018,7,1051.65
984,26/04/2018,96,9443.01
985,29/04/2018,63,7606.42
986,03/04/2018,16,2639.66
987,12/04/2018,11,4217.14
988,15/04/2018,19,4143.8
989,08/04/2018,74,9507.98
990,10/04/2018,5,9257.5
991,10/04/2018,36,
992,06/04/2018,25,9897.71
993,08/04/2018,54,4593.98
994,22/04/2018,84,739.38
995,24/04/2018,30,4242.45
996,08/04/2018,4,8868.68
997,13/04/2018,98,4972.87
998,27/04/2018,99,3989.39
999,07/04/2018,30,4850.84
1000,03/04/2018,67,9768.93
